id,firstname,lastname,interests,email,profession
0,Louella,Frodi,Human_Things,Louella.Frodi@yopmail.com,police officer
1,Berget,Sperling,Series,Berget.Sperling@yopmail.com,doctor
2,Annabela,Myrilla,Series,Annabela.Myrilla@yopmail.com,police officer
3,Ariela,Gregrory,Chess,Ariela.Gregrory@yopmail.com,police officer
4,Nanete,Ursulette,Nothing,Nanete.Ursulette@yopmail.com,doctor
5,Minne,Aida,Series,Minne.Aida@yopmail.com,police officer
6,Basia,Weaks,Series,Basia.Weaks@yopmail.com,police officer
7,Marcelline,Lilybelle,rock_paper_scissors,Marcelline.Lilybelle@yopmail.com,doctor
8,Lisette,Roumell,Nothing,Lisette.Roumell@yopmail.com,doctor
9,Elyssa,Bakerman,Nothing,Elyssa.Bakerman@yopmail.com,worker
10,Damaris,Sophronia,Human_Things,Damaris.Sophronia@yopmail.com,worker
11,Mady,Maiah,rock_paper_scissors,Mady.Maiah@yopmail.com,developer
12,Lenna,Gregrory,rock_paper_scissors,Lenna.Gregrory@yopmail.com,police officer
13,Cacilie,Luhe,Nothing,Cacilie.Luhe@yopmail.com,firefighter
14,Cam,Niccolo,Human_Things,Cam.Niccolo@yopmail.com,worker
15,Chloris,Georgy,Human_Things,Chloris.Georgy@yopmail.com,developer
16,Renae,Dermott,Chess,Renae.Dermott@yopmail.com,developer
17,Jorry,Haerr,Human_Things,Jorry.Haerr@yopmail.com,worker
18,Gabi,Naor,Chess,Gabi.Naor@yopmail.com,police officer
19,Suzette,Concha,Series,Suzette.Concha@yopmail.com,police officer
20,Kristan,Teddman,Walk,Kristan.Teddman@yopmail.com,worker
21,Vinita,Tristram,rock_paper_scissors,Vinita.Tristram@yopmail.com,police officer
22,Rosene,Docilla,Chess,Rosene.Docilla@yopmail.com,doctor
23,Nelle,Mayeda,Series,Nelle.Mayeda@yopmail.com,police officer
24,Anthia,Levey,Nothing,Anthia.Levey@yopmail.com,police officer
25,Harmonia,Marijo,Human_Things,Harmonia.Marijo@yopmail.com,police officer
26,Tressa,Rona,rock_paper_scissors,Tressa.Rona@yopmail.com,doctor
27,Caressa,Angelis,Chess,Caressa.Angelis@yopmail.com,firefighter
28,Karena,Nerita,Series,Karena.Nerita@yopmail.com,doctor
29,Angela,Schonfeld,Series,Angela.Schonfeld@yopmail.com,developer
30,Talya,Daveta,Chess,Talya.Daveta@yopmail.com,doctor
31,Blondelle,Ardra,Chess,Blondelle.Ardra@yopmail.com,developer
32,Ashlee,Bord,Nothing,Ashlee.Bord@yopmail.com,firefighter
33,Lucille,Dominy,Nothing,Lucille.Dominy@yopmail.com,police officer
34,Karolina,Teryn,Human_Things,Karolina.Teryn@yopmail.com,worker
35,Donnie,Sisile,Chess,Donnie.Sisile@yopmail.com,worker
36,Lonnie,O'Rourke,Series,Lonnie.O'Rourke@yopmail.com,doctor
37,Tera,Dom,Movies,Tera.Dom@yopmail.com,firefighter
38,Addia,Amethist,Nothing,Addia.Amethist@yopmail.com,firefighter
39,Tani,Rosemary,Movies,Tani.Rosemary@yopmail.com,doctor
40,Mariann,Presber,Walk,Mariann.Presber@yopmail.com,worker
41,Oona,Hurley,Nothing,Oona.Hurley@yopmail.com,worker
42,Hannis,Newell,Walk,Hannis.Newell@yopmail.com,police officer
43,Dorthy,Hilbert,rock_paper_scissors,Dorthy.Hilbert@yopmail.com,firefighter
44,Melodie,Chaing,Movies,Melodie.Chaing@yopmail.com,worker
45,Nananne,Ortrude,Walk,Nananne.Ortrude@yopmail.com,developer
46,Gratia,Gilmour,Series,Gratia.Gilmour@yopmail.com,police officer
47,Renie,Jehu,Nothing,Renie.Jehu@yopmail.com,worker
48,Tierney,Trinetta,Human_Things,Tierney.Trinetta@yopmail.com,developer
49,Starla,Carey,Movies,Starla.Carey@yopmail.com,police officer
50,Lory,Grosz,Movies,Lory.Grosz@yopmail.com,developer
51,Henriette,Rosemary,Series,Henriette.Rosemary@yopmail.com,police officer
52,Celisse,Waldron,Nothing,Celisse.Waldron@yopmail.com,developer
53,Cristabel,Morehouse,Chess,Cristabel.Morehouse@yopmail.com,doctor
54,Myrtice,Jillane,Series,Myrtice.Jillane@yopmail.com,worker
55,Nicoli,Bow,Series,Nicoli.Bow@yopmail.com,developer
56,Adelle,Secrest,Nothing,Adelle.Secrest@yopmail.com,worker
57,Alyda,Juliet,Human_Things,Alyda.Juliet@yopmail.com,worker
58,Christal,Han,Human_Things,Christal.Han@yopmail.com,doctor
59,Berget,Macey,Movies,Berget.Macey@yopmail.com,police officer
60,Lory,Annice,Walk,Lory.Annice@yopmail.com,worker
61,Gwyneth,Xerxes,Chess,Gwyneth.Xerxes@yopmail.com,firefighter
62,Bill,Rocray,Movies,Bill.Rocray@yopmail.com,doctor
63,Chrystel,Loring,Nothing,Chrystel.Loring@yopmail.com,worker
64,Vere,Annice,Series,Vere.Annice@yopmail.com,worker
65,Gerrie,Nisbet,Movies,Gerrie.Nisbet@yopmail.com,police officer
66,Lynnea,Calhoun,Human_Things,Lynnea.Calhoun@yopmail.com,doctor
67,Annabela,Millda,Walk,Annabela.Millda@yopmail.com,doctor
68,Paola,Geffner,rock_paper_scissors,Paola.Geffner@yopmail.com,worker
69,Caritta,Rozanna,rock_paper_scissors,Caritta.Rozanna@yopmail.com,developer
70,Sybille,Nicoline,Movies,Sybille.Nicoline@yopmail.com,doctor
71,Marti,Rona,Walk,Marti.Rona@yopmail.com,police officer
72,Lonnie,Iphlgenia,Nothing,Lonnie.Iphlgenia@yopmail.com,doctor
73,Alyda,Gherardo,Human_Things,Alyda.Gherardo@yopmail.com,worker
74,Zsa Zsa,Gaynor,Walk,Zsa Zsa.Gaynor@yopmail.com,worker
75,Chastity,Ingra,Nothing,Chastity.Ingra@yopmail.com,developer
76,Audrie,Bonucci,Human_Things,Audrie.Bonucci@yopmail.com,worker
77,Dode,Connelly,Movies,Dode.Connelly@yopmail.com,doctor
78,Joelly,Ries,Chess,Joelly.Ries@yopmail.com,police officer
79,Corene,Gordon,Walk,Corene.Gordon@yopmail.com,police officer
80,Malina,Latini,rock_paper_scissors,Malina.Latini@yopmail.com,developer
81,Gui,Cressida,Human_Things,Gui.Cressida@yopmail.com,firefighter
82,Taffy,Elisha,Human_Things,Taffy.Elisha@yopmail.com,doctor
83,Elfreda,Lissi,Nothing,Elfreda.Lissi@yopmail.com,doctor
84,Coral,Borrell,Human_Things,Coral.Borrell@yopmail.com,doctor
85,Ruthe,Barbey,Human_Things,Ruthe.Barbey@yopmail.com,developer
86,Mariann,Alwin,Human_Things,Mariann.Alwin@yopmail.com,firefighter
87,Maye,Nikaniki,Chess,Maye.Nikaniki@yopmail.com,developer
88,Rosanne,Sabella,Human_Things,Rosanne.Sabella@yopmail.com,developer
89,Sheelagh,Modie,Chess,Sheelagh.Modie@yopmail.com,developer
90,Gertrud,Allys,Movies,Gertrud.Allys@yopmail.com,developer
91,Sashenka,Travax,Nothing,Sashenka.Travax@yopmail.com,developer
92,Ezmeralda,Yam,Nothing,Ezmeralda.Yam@yopmail.com,doctor
93,Audrie,Anis,rock_paper_scissors,Audrie.Anis@yopmail.com,firefighter
94,Elbertina,Old,Walk,Elbertina.Old@yopmail.com,firefighter
95,Nonnah,Diogenes,Movies,Nonnah.Diogenes@yopmail.com,developer
96,Cordi,Ashely,Walk,Cordi.Ashely@yopmail.com,police officer
97,Lulita,Bollay,Nothing,Lulita.Bollay@yopmail.com,doctor
98,Johna,Eiser,Walk,Johna.Eiser@yopmail.com,worker
99,Caressa,Gunn,Nothing,Caressa.Gunn@yopmail.com,developer
100,Vinita,Sawtelle,Chess,Vinita.Sawtelle@yopmail.com,firefighter
101,Kristina,Rese,Series,Kristina.Rese@yopmail.com,police officer
102,Leona,Elvyn,rock_paper_scissors,Leona.Elvyn@yopmail.com,doctor
103,Fred,Dorothy,Chess,Fred.Dorothy@yopmail.com,police officer
104,Cissiee,Emanuel,Chess,Cissiee.Emanuel@yopmail.com,worker
105,Althea,Fennessy,Series,Althea.Fennessy@yopmail.com,firefighter
106,Bibby,Leonard,Nothing,Bibby.Leonard@yopmail.com,doctor
107,Dale,Madaih,Human_Things,Dale.Madaih@yopmail.com,police officer
108,Edee,Greyson,Human_Things,Edee.Greyson@yopmail.com,worker
109,Hermione,Barrus,Chess,Hermione.Barrus@yopmail.com,worker
110,Tamqrah,Riva,Human_Things,Tamqrah.Riva@yopmail.com,worker
111,Ruthe,Ammann,Walk,Ruthe.Ammann@yopmail.com,developer
112,Bettine,Grosz,Chess,Bettine.Grosz@yopmail.com,worker
113,Pearline,Idelia,Human_Things,Pearline.Idelia@yopmail.com,doctor
114,Georgina,Idelia,Series,Georgina.Idelia@yopmail.com,police officer
115,Molli,Hailee,Movies,Molli.Hailee@yopmail.com,police officer
116,Dennie,Lynn,Chess,Dennie.Lynn@yopmail.com,doctor
117,Tani,Clara,Walk,Tani.Clara@yopmail.com,doctor
118,Meghann,Prober,rock_paper_scissors,Meghann.Prober@yopmail.com,firefighter
119,Ricky,Christal,rock_paper_scissors,Ricky.Christal@yopmail.com,doctor
120,Nataline,Dahlia,Nothing,Nataline.Dahlia@yopmail.com,developer
121,Josephine,McNully,Chess,Josephine.McNully@yopmail.com,doctor
122,Deloria,Melleta,Series,Deloria.Melleta@yopmail.com,firefighter
123,Edith,Valerio,Nothing,Edith.Valerio@yopmail.com,doctor
124,Harrietta,Luhe,Walk,Harrietta.Luhe@yopmail.com,firefighter
125,Emelina,Ortrude,Chess,Emelina.Ortrude@yopmail.com,developer
126,Harmonia,Cookie,Walk,Harmonia.Cookie@yopmail.com,worker
127,Carilyn,Hazlett,Human_Things,Carilyn.Hazlett@yopmail.com,firefighter
128,Karina,Pernick,Series,Karina.Pernick@yopmail.com,doctor
129,Benita,Pitt,rock_paper_scissors,Benita.Pitt@yopmail.com,doctor
130,Kaja,Uird,Human_Things,Kaja.Uird@yopmail.com,firefighter
131,Gertrud,Phi,Series,Gertrud.Phi@yopmail.com,developer
132,Rozele,Pacorro,Nothing,Rozele.Pacorro@yopmail.com,firefighter
133,Marjie,Israeli,Movies,Marjie.Israeli@yopmail.com,developer
134,Livvyy,Tybald,Series,Livvyy.Tybald@yopmail.com,firefighter
135,Alameda,Dorothy,Chess,Alameda.Dorothy@yopmail.com,developer
136,Jenilee,Croix,Nothing,Jenilee.Croix@yopmail.com,police officer
137,Kaja,Norrie,Series,Kaja.Norrie@yopmail.com,worker
138,Laurene,Merriott,Series,Laurene.Merriott@yopmail.com,worker
139,Sashenka,Parsaye,Chess,Sashenka.Parsaye@yopmail.com,police officer
140,Chere,Lenny,Walk,Chere.Lenny@yopmail.com,developer
141,Corry,Mich,Series,Corry.Mich@yopmail.com,firefighter
142,Nanete,Kiersten,Human_Things,Nanete.Kiersten@yopmail.com,worker
143,Jessamyn,Thornburg,Series,Jessamyn.Thornburg@yopmail.com,developer
144,Annabela,Jagir,Series,Annabela.Jagir@yopmail.com,developer
145,Carolina,Belanger,Chess,Carolina.Belanger@yopmail.com,developer
146,Mathilda,Maryanne,Series,Mathilda.Maryanne@yopmail.com,worker
147,Belinda,Clara,Chess,Belinda.Clara@yopmail.com,developer
148,Darlleen,Blase,Movies,Darlleen.Blase@yopmail.com,developer
149,Marjie,Uird,Nothing,Marjie.Uird@yopmail.com,doctor
150,Georgetta,Chick,Human_Things,Georgetta.Chick@yopmail.com,developer
151,Kary,Annabella,Series,Kary.Annabella@yopmail.com,developer
152,Rebeca,Bouchard,Walk,Rebeca.Bouchard@yopmail.com,developer
153,Vevay,Hachmin,Walk,Vevay.Hachmin@yopmail.com,police officer
154,Nadine,Goode,Nothing,Nadine.Goode@yopmail.com,firefighter
155,Ketti,Iaverne,Walk,Ketti.Iaverne@yopmail.com,worker
156,Lolita,Lumbard,Walk,Lolita.Lumbard@yopmail.com,worker
157,Tilly,Lory,Human_Things,Tilly.Lory@yopmail.com,doctor
158,Nanete,Sisile,Human_Things,Nanete.Sisile@yopmail.com,firefighter
159,Kittie,Pauly,Human_Things,Kittie.Pauly@yopmail.com,firefighter
160,Etta,Soneson,Movies,Etta.Soneson@yopmail.com,worker
161,Celestyna,Imelida,Movies,Celestyna.Imelida@yopmail.com,police officer
162,Ottilie,Rossner,Human_Things,Ottilie.Rossner@yopmail.com,firefighter
163,Stacey,Kannry,Walk,Stacey.Kannry@yopmail.com,firefighter
164,Linzy,Telfer,Nothing,Linzy.Telfer@yopmail.com,worker
165,Sindee,Nelsen,Movies,Sindee.Nelsen@yopmail.com,doctor
166,Mady,Alejoa,Human_Things,Mady.Alejoa@yopmail.com,firefighter
167,Misha,Neva,Nothing,Misha.Neva@yopmail.com,police officer
168,Aimil,Colyer,rock_paper_scissors,Aimil.Colyer@yopmail.com,firefighter
169,Nananne,Hathaway,Movies,Nananne.Hathaway@yopmail.com,police officer
170,Evita,Zachary,Nothing,Evita.Zachary@yopmail.com,firefighter
171,Dorene,Madelene,rock_paper_scissors,Dorene.Madelene@yopmail.com,police officer
172,Shaine,Dudley,Series,Shaine.Dudley@yopmail.com,firefighter
173,Catrina,Luhe,rock_paper_scissors,Catrina.Luhe@yopmail.com,doctor
174,Bertine,Gunn,Nothing,Bertine.Gunn@yopmail.com,firefighter
175,Mellicent,Cutlerr,rock_paper_scissors,Mellicent.Cutlerr@yopmail.com,worker
176,Abbie,Jotham,Walk,Abbie.Jotham@yopmail.com,worker
177,Jaclyn,Valerio,Human_Things,Jaclyn.Valerio@yopmail.com,police officer
178,Florie,O'Carroll,Walk,Florie.O'Carroll@yopmail.com,doctor
179,Ursulina,Dash,Nothing,Ursulina.Dash@yopmail.com,police officer
180,Felice,Fulmer,Human_Things,Felice.Fulmer@yopmail.com,police officer
181,Kellen,Cynar,Human_Things,Kellen.Cynar@yopmail.com,doctor
182,Gerianna,Suk,Chess,Gerianna.Suk@yopmail.com,developer
183,Lisette,Riva,rock_paper_scissors,Lisette.Riva@yopmail.com,police officer
184,Gwyneth,Francyne,Walk,Gwyneth.Francyne@yopmail.com,developer
185,Goldie,Chem,Nothing,Goldie.Chem@yopmail.com,developer
186,Nannie,Vittoria,Nothing,Nannie.Vittoria@yopmail.com,police officer
187,Alex,Katrine,Human_Things,Alex.Katrine@yopmail.com,firefighter
188,Fayre,Georgy,Human_Things,Fayre.Georgy@yopmail.com,worker
189,Jsandye,Ophelia,Movies,Jsandye.Ophelia@yopmail.com,doctor
190,Kirstin,Carleen,Nothing,Kirstin.Carleen@yopmail.com,firefighter
191,Chickie,Dosia,Walk,Chickie.Dosia@yopmail.com,police officer
192,Miquela,Garbe,Chess,Miquela.Garbe@yopmail.com,firefighter
193,Emilia,Cyrie,rock_paper_scissors,Emilia.Cyrie@yopmail.com,police officer
194,Lucille,Hylan,Human_Things,Lucille.Hylan@yopmail.com,doctor
195,Devina,Torray,Walk,Devina.Torray@yopmail.com,developer
196,Kore,Nunci,Movies,Kore.Nunci@yopmail.com,firefighter
197,Valli,Vale,rock_paper_scissors,Valli.Vale@yopmail.com,worker
198,Valera,Iphlgenia,rock_paper_scissors,Valera.Iphlgenia@yopmail.com,police officer
199,Amara,Koziara,Movies,Amara.Koziara@yopmail.com,firefighter
200,Nerta,Tomasina,Series,Nerta.Tomasina@yopmail.com,developer
201,Christy,Goldina,Chess,Christy.Goldina@yopmail.com,police officer
202,Steffane,Rese,rock_paper_scissors,Steffane.Rese@yopmail.com,developer
203,Alisha,Goddard,rock_paper_scissors,Alisha.Goddard@yopmail.com,firefighter
204,Nannie,Clarissa,Series,Nannie.Clarissa@yopmail.com,firefighter
205,Orsola,Hunfredo,Series,Orsola.Hunfredo@yopmail.com,worker
206,Stacey,Georgy,Nothing,Stacey.Georgy@yopmail.com,firefighter
207,Daryl,Evangelia,rock_paper_scissors,Daryl.Evangelia@yopmail.com,worker
208,Lelah,Teryn,Movies,Lelah.Teryn@yopmail.com,developer
209,Drucie,Kathie,Series,Drucie.Kathie@yopmail.com,worker
210,Sybille,Durware,Movies,Sybille.Durware@yopmail.com,worker
211,Aigneis,O'Carroll,Movies,Aigneis.O'Carroll@yopmail.com,doctor
212,Wendi,Adlare,Human_Things,Wendi.Adlare@yopmail.com,doctor
213,Aurelie,Emmaline,Chess,Aurelie.Emmaline@yopmail.com,developer
214,Livvyy,Atonsah,rock_paper_scissors,Livvyy.Atonsah@yopmail.com,firefighter
215,Millie,Guildroy,Movies,Millie.Guildroy@yopmail.com,firefighter
216,Henriette,Gordon,Nothing,Henriette.Gordon@yopmail.com,firefighter
217,Vinita,Bohlin,Human_Things,Vinita.Bohlin@yopmail.com,firefighter
218,Kimberley,Bates,Human_Things,Kimberley.Bates@yopmail.com,developer
219,Dominga,Holbrook,Series,Dominga.Holbrook@yopmail.com,worker
220,Riannon,Goddard,Movies,Riannon.Goddard@yopmail.com,worker
221,Alex,Halla,rock_paper_scissors,Alex.Halla@yopmail.com,doctor
222,Chere,Nadia,Walk,Chere.Nadia@yopmail.com,police officer
223,Stephanie,Andrel,Movies,Stephanie.Andrel@yopmail.com,developer
224,Codie,Madaih,Movies,Codie.Madaih@yopmail.com,doctor
225,Ada,Ries,Nothing,Ada.Ries@yopmail.com,firefighter
226,Ericka,Gilbertson,Movies,Ericka.Gilbertson@yopmail.com,firefighter
227,Marsiella,Moseley,Human_Things,Marsiella.Moseley@yopmail.com,worker
228,Orelia,Daegal,Walk,Orelia.Daegal@yopmail.com,developer
229,Estell,Xerxes,Nothing,Estell.Xerxes@yopmail.com,worker
230,Ira,MacIntosh,Human_Things,Ira.MacIntosh@yopmail.com,developer
231,Codie,Grobe,rock_paper_scissors,Codie.Grobe@yopmail.com,police officer
232,Ebonee,Holbrook,Series,Ebonee.Holbrook@yopmail.com,firefighter
233,Shauna,Dreda,Movies,Shauna.Dreda@yopmail.com,developer
234,Daune,Tayib,Nothing,Daune.Tayib@yopmail.com,firefighter
235,Veda,Natalia,Human_Things,Veda.Natalia@yopmail.com,firefighter
236,Clementine,Honoria,Series,Clementine.Honoria@yopmail.com,developer
237,Dulcinea,Dawkins,Movies,Dulcinea.Dawkins@yopmail.com,developer
238,Nelle,Eachern,Chess,Nelle.Eachern@yopmail.com,worker
239,Kial,Turne,Human_Things,Kial.Turne@yopmail.com,doctor
240,Vivia,Ax,Human_Things,Vivia.Ax@yopmail.com,police officer
241,Tomasina,Tacye,Human_Things,Tomasina.Tacye@yopmail.com,worker
242,Danny,Reinke,rock_paper_scissors,Danny.Reinke@yopmail.com,police officer
243,Inga,Clara,Human_Things,Inga.Clara@yopmail.com,developer
244,Tarra,Diann,Walk,Tarra.Diann@yopmail.com,firefighter
245,Fernande,Teryn,rock_paper_scissors,Fernande.Teryn@yopmail.com,police officer
246,Anica,Nedrud,Human_Things,Anica.Nedrud@yopmail.com,worker
247,Arlena,Genna,Human_Things,Arlena.Genna@yopmail.com,developer
248,Allis,Alabaster,Movies,Allis.Alabaster@yopmail.com,developer
249,Benita,Rhu,Chess,Benita.Rhu@yopmail.com,doctor
250,Nataline,Ambrosia,Human_Things,Nataline.Ambrosia@yopmail.com,firefighter
251,Binny,Emanuel,Human_Things,Binny.Emanuel@yopmail.com,doctor
252,Veda,Flita,Walk,Veda.Flita@yopmail.com,worker
253,Rosabelle,Sherfield,Nothing,Rosabelle.Sherfield@yopmail.com,police officer
254,Gabi,Raul,Chess,Gabi.Raul@yopmail.com,doctor
255,Kittie,Gregrory,rock_paper_scissors,Kittie.Gregrory@yopmail.com,worker
256,Beth,Yuille,Movies,Beth.Yuille@yopmail.com,developer
257,Mildrid,Heidt,Series,Mildrid.Heidt@yopmail.com,police officer
258,Danny,Presber,Chess,Danny.Presber@yopmail.com,developer
259,Susan,Beniamino,Movies,Susan.Beniamino@yopmail.com,developer
260,Carree,Hanleigh,rock_paper_scissors,Carree.Hanleigh@yopmail.com,developer
261,Alleen,Azeria,rock_paper_scissors,Alleen.Azeria@yopmail.com,firefighter
262,Malina,Lea,Nothing,Malina.Lea@yopmail.com,police officer
263,Inga,Kiersten,Walk,Inga.Kiersten@yopmail.com,police officer
264,Mignon,Hazlett,rock_paper_scissors,Mignon.Hazlett@yopmail.com,developer
265,Zia,Ortrude,Nothing,Zia.Ortrude@yopmail.com,developer
266,Kristina,Henebry,Walk,Kristina.Henebry@yopmail.com,firefighter
267,Bobinette,Gabrielli,Movies,Bobinette.Gabrielli@yopmail.com,doctor
268,Rozele,Franza,Series,Rozele.Franza@yopmail.com,police officer
269,Emylee,Vary,Nothing,Emylee.Vary@yopmail.com,worker
270,Modestia,Gladstone,Nothing,Modestia.Gladstone@yopmail.com,doctor
271,Leeanne,Revkah,rock_paper_scissors,Leeanne.Revkah@yopmail.com,doctor
272,Kial,Dash,Nothing,Kial.Dash@yopmail.com,firefighter
273,Lonnie,Kiyoshi,Chess,Lonnie.Kiyoshi@yopmail.com,firefighter
274,Correy,Corrine,Nothing,Correy.Corrine@yopmail.com,worker
275,Brietta,Teddman,Movies,Brietta.Teddman@yopmail.com,firefighter
276,Gerianna,Lynn,Series,Gerianna.Lynn@yopmail.com,doctor
277,Amara,Ader,Series,Amara.Ader@yopmail.com,police officer
278,Candi,Carmena,Movies,Candi.Carmena@yopmail.com,doctor
279,Carol-Jean,Han,Walk,Carol-Jean.Han@yopmail.com,firefighter
280,Evaleen,Cullin,Walk,Evaleen.Cullin@yopmail.com,police officer
281,Joleen,Edison,Human_Things,Joleen.Edison@yopmail.com,developer
282,Janis,Payson,Movies,Janis.Payson@yopmail.com,doctor
283,Viki,Jarib,Nothing,Viki.Jarib@yopmail.com,developer
284,Stevana,Audly,Nothing,Stevana.Audly@yopmail.com,police officer
285,Bobbi,Ethban,Series,Bobbi.Ethban@yopmail.com,firefighter
286,Sean,Sherrie,Walk,Sean.Sherrie@yopmail.com,police officer
287,Janenna,Vary,Movies,Janenna.Vary@yopmail.com,doctor
288,Sheelagh,Bari,Chess,Sheelagh.Bari@yopmail.com,developer
289,Hallie,Waldron,Nothing,Hallie.Waldron@yopmail.com,police officer
290,Moyna,Fink,Movies,Moyna.Fink@yopmail.com,developer
291,Nikki,Lacombe,Nothing,Nikki.Lacombe@yopmail.com,police officer
292,Emylee,Robertson,Series,Emylee.Robertson@yopmail.com,police officer
293,Shaylyn,Zetta,rock_paper_scissors,Shaylyn.Zetta@yopmail.com,doctor
294,Dotty,Urania,rock_paper_scissors,Dotty.Urania@yopmail.com,doctor
295,Emilia,Malina,Walk,Emilia.Malina@yopmail.com,developer
296,Fanchon,Thornburg,Series,Fanchon.Thornburg@yopmail.com,firefighter
297,Darci,Isacco,Human_Things,Darci.Isacco@yopmail.com,doctor
298,Philis,Iaverne,Chess,Philis.Iaverne@yopmail.com,doctor
299,Quintina,Demitria,Series,Quintina.Demitria@yopmail.com,police officer
300,Theodora,Tannie,rock_paper_scissors,Theodora.Tannie@yopmail.com,developer
301,Kalina,Chaing,Movies,Kalina.Chaing@yopmail.com,firefighter
302,Merrie,Slifka,Human_Things,Merrie.Slifka@yopmail.com,worker
303,Leona,Natalia,Nothing,Leona.Natalia@yopmail.com,worker
304,Gabi,Halsey,Series,Gabi.Halsey@yopmail.com,doctor
305,Lynnea,Land,Nothing,Lynnea.Land@yopmail.com,developer
306,Jeanna,Johanna,Series,Jeanna.Johanna@yopmail.com,worker
307,Steffane,Raul,Chess,Steffane.Raul@yopmail.com,doctor
308,Dione,Ferrell,Walk,Dione.Ferrell@yopmail.com,police officer
309,Beth,Harl,rock_paper_scissors,Beth.Harl@yopmail.com,police officer
310,Orelia,Jess,Chess,Orelia.Jess@yopmail.com,developer
311,Lynea,Terrence,Movies,Lynea.Terrence@yopmail.com,firefighter
312,Corene,Sperling,Nothing,Corene.Sperling@yopmail.com,developer
313,Anallese,Tybald,Movies,Anallese.Tybald@yopmail.com,firefighter
314,Madelle,Jaylene,Movies,Madelle.Jaylene@yopmail.com,developer
315,Tabbatha,Rosette,Human_Things,Tabbatha.Rosette@yopmail.com,doctor
316,Merrie,Manolo,Movies,Merrie.Manolo@yopmail.com,worker
317,Elie,Seumas,Human_Things,Elie.Seumas@yopmail.com,police officer
318,Tonia,Vorster,Human_Things,Tonia.Vorster@yopmail.com,firefighter
319,Juliane,McAdams,Human_Things,Juliane.McAdams@yopmail.com,developer
320,Hermione,Sadowski,Walk,Hermione.Sadowski@yopmail.com,developer
321,Mallory,Cassius,Chess,Mallory.Cassius@yopmail.com,worker
322,Rhea,Mendez,Nothing,Rhea.Mendez@yopmail.com,firefighter
323,Charmaine,Baylor,Series,Charmaine.Baylor@yopmail.com,doctor
324,Eve,Telfer,Walk,Eve.Telfer@yopmail.com,developer
325,Andeee,Karl,rock_paper_scissors,Andeee.Karl@yopmail.com,developer
326,Tiffie,Lattie,Movies,Tiffie.Lattie@yopmail.com,developer
327,Roxane,Emmy,Chess,Roxane.Emmy@yopmail.com,worker
328,Gabi,Warthman,Chess,Gabi.Warthman@yopmail.com,developer
329,Nerta,Howlyn,Human_Things,Nerta.Howlyn@yopmail.com,developer
330,Desirae,Secrest,Series,Desirae.Secrest@yopmail.com,worker
331,Averyl,Cristi,Walk,Averyl.Cristi@yopmail.com,firefighter
332,Wynne,Koziara,Human_Things,Wynne.Koziara@yopmail.com,developer
333,Flory,Standing,Walk,Flory.Standing@yopmail.com,doctor
334,Tamqrah,Ader,Human_Things,Tamqrah.Ader@yopmail.com,doctor
335,Frank,Elvyn,rock_paper_scissors,Frank.Elvyn@yopmail.com,doctor
336,Kittie,Libna,Series,Kittie.Libna@yopmail.com,police officer
337,Kellen,Frendel,Walk,Kellen.Frendel@yopmail.com,police officer
338,Caressa,Ilka,Chess,Caressa.Ilka@yopmail.com,firefighter
339,Merrie,Maribeth,Movies,Merrie.Maribeth@yopmail.com,firefighter
340,Zaria,Stilwell,Nothing,Zaria.Stilwell@yopmail.com,firefighter
341,Latisha,Autrey,Movies,Latisha.Autrey@yopmail.com,firefighter
342,Concettina,Sekofski,Series,Concettina.Sekofski@yopmail.com,developer
343,Janenna,Eiser,Movies,Janenna.Eiser@yopmail.com,worker
344,Valeda,Sholley,Chess,Valeda.Sholley@yopmail.com,doctor
345,Brynna,Hubert,Nothing,Brynna.Hubert@yopmail.com,firefighter
346,Fanchon,Janene,Nothing,Fanchon.Janene@yopmail.com,worker
347,Jere,Lucienne,Nothing,Jere.Lucienne@yopmail.com,doctor
348,Taffy,Adrienne,Human_Things,Taffy.Adrienne@yopmail.com,developer
349,Katuscha,Japeth,rock_paper_scissors,Katuscha.Japeth@yopmail.com,worker
350,Rani,Hunfredo,rock_paper_scissors,Rani.Hunfredo@yopmail.com,police officer
351,Lory,Stelle,Human_Things,Lory.Stelle@yopmail.com,doctor
352,Luci,August,Human_Things,Luci.August@yopmail.com,doctor
353,Roberta,Jammal,Human_Things,Roberta.Jammal@yopmail.com,police officer
354,Rori,Pierette,Nothing,Rori.Pierette@yopmail.com,firefighter
355,Barbi,Lalitta,Walk,Barbi.Lalitta@yopmail.com,doctor
356,Joy,Darbie,Movies,Joy.Darbie@yopmail.com,worker
357,Gisela,Brodench,Series,Gisela.Brodench@yopmail.com,developer
358,Lusa,Garbe,Chess,Lusa.Garbe@yopmail.com,developer
359,Penelopa,Ehrman,rock_paper_scissors,Penelopa.Ehrman@yopmail.com,firefighter
360,Alisha,Sidonius,Human_Things,Alisha.Sidonius@yopmail.com,firefighter
361,Alejandra,Dunkin,Series,Alejandra.Dunkin@yopmail.com,firefighter
362,Nessie,Screens,Human_Things,Nessie.Screens@yopmail.com,worker
363,Coral,Charity,Movies,Coral.Charity@yopmail.com,doctor
364,Lynea,Ortrude,Nothing,Lynea.Ortrude@yopmail.com,worker
365,Sean,Hoenack,Walk,Sean.Hoenack@yopmail.com,police officer
366,Randa,Meli,Human_Things,Randa.Meli@yopmail.com,firefighter
367,Gwenneth,Clarissa,rock_paper_scissors,Gwenneth.Clarissa@yopmail.com,worker
368,Selma,Atcliffe,Human_Things,Selma.Atcliffe@yopmail.com,worker
369,Chastity,Merna,rock_paper_scissors,Chastity.Merna@yopmail.com,developer
370,Cristine,Wu,Series,Cristine.Wu@yopmail.com,worker
371,Rayna,Moseley,Chess,Rayna.Moseley@yopmail.com,police officer
372,Jordan,Lipson,Series,Jordan.Lipson@yopmail.com,doctor
373,Lonnie,Sherrie,rock_paper_scissors,Lonnie.Sherrie@yopmail.com,police officer
374,Bibby,Leler,Chess,Bibby.Leler@yopmail.com,developer
375,Mahalia,Gunn,Chess,Mahalia.Gunn@yopmail.com,developer
376,Marleah,Geffner,Walk,Marleah.Geffner@yopmail.com,police officer
377,Aeriela,Ferino,Human_Things,Aeriela.Ferino@yopmail.com,firefighter
378,Nicoli,Hull,Chess,Nicoli.Hull@yopmail.com,developer
379,Paola,Hanleigh,Walk,Paola.Hanleigh@yopmail.com,worker
380,Rozele,Docilla,Human_Things,Rozele.Docilla@yopmail.com,developer
381,Alyssa,Voletta,Chess,Alyssa.Voletta@yopmail.com,police officer
382,Wilma,Berard,rock_paper_scissors,Wilma.Berard@yopmail.com,firefighter
383,Maye,Turne,Movies,Maye.Turne@yopmail.com,firefighter
384,Nannie,Kristi,Series,Nannie.Kristi@yopmail.com,worker
385,Shell,Alarise,Nothing,Shell.Alarise@yopmail.com,worker
386,Audrie,Kaja,Walk,Audrie.Kaja@yopmail.com,police officer
387,Bobbi,Lauraine,Nothing,Bobbi.Lauraine@yopmail.com,worker
388,Gratia,Nickola,Movies,Gratia.Nickola@yopmail.com,doctor
389,Dacia,Oster,Nothing,Dacia.Oster@yopmail.com,worker
390,Joane,Gunn,Movies,Joane.Gunn@yopmail.com,police officer
391,Krystle,Pierette,Walk,Krystle.Pierette@yopmail.com,developer
392,Gratia,Reidar,rock_paper_scissors,Gratia.Reidar@yopmail.com,developer
393,Brooks,Olympium,Movies,Brooks.Olympium@yopmail.com,developer
394,Blinni,Tannie,Walk,Blinni.Tannie@yopmail.com,firefighter
395,Melanie,Adamsen,Nothing,Melanie.Adamsen@yopmail.com,firefighter
396,Di,Lail,Walk,Di.Lail@yopmail.com,worker
397,Dione,Stacy,Chess,Dione.Stacy@yopmail.com,worker
398,Lanna,Ingra,Series,Lanna.Ingra@yopmail.com,developer
399,Nadine,Harriman,rock_paper_scissors,Nadine.Harriman@yopmail.com,worker
400,Cissiee,Wadell,Movies,Cissiee.Wadell@yopmail.com,police officer
401,Candi,Destinee,Movies,Candi.Destinee@yopmail.com,firefighter
402,Kayla,Seumas,Human_Things,Kayla.Seumas@yopmail.com,police officer
403,Raina,Rubie,rock_paper_scissors,Raina.Rubie@yopmail.com,developer
404,Daniel,Castillo Villamarín,"Movies, data, trekking and electronics",casvilldaniel@gmail.com,Data_Scientist
405,Bobbi,Nea,Nothing,Bobbi.Nea@yopmail.com,firefighter
406,Karlee,Si,Nothing,Karlee.Si@yopmail.com,doctor
407,Elena,Hutchison,Walk,Elena.Hutchison@yopmail.com,firefighter
408,Max,Bonilla,Nothing,Max.Bonilla@yopmail.com,firefighter
409,Ingrid,Peonir,Movies,Ingrid.Peonir@yopmail.com,police officer
410,Corina,Hazlett,Series,Corina.Hazlett@yopmail.com,police officer
411,Penelopa,Bivins,Chess,Penelopa.Bivins@yopmail.com,worker
412,Juliane,Skurnik,Series,Juliane.Skurnik@yopmail.com,doctor
413,Starla,Longfellow,Walk,Starla.Longfellow@yopmail.com,developer
414,Jacquetta,Esmaria,rock_paper_scissors,Jacquetta.Esmaria@yopmail.com,doctor
415,Maryellen,Goode,Walk,Maryellen.Goode@yopmail.com,firefighter
416,Ulrike,Gilmour,Chess,Ulrike.Gilmour@yopmail.com,worker
417,Kathi,Teddman,Nothing,Kathi.Teddman@yopmail.com,developer
418,Allyce,Amasa,Nothing,Allyce.Amasa@yopmail.com,firefighter
419,Jordan,Ilka,Movies,Jordan.Ilka@yopmail.com,developer
420,Lolita,Corrine,rock_paper_scissors,Lolita.Corrine@yopmail.com,worker
421,Molli,McCutcheon,Movies,Molli.McCutcheon@yopmail.com,worker
422,Chrystel,Trace,Movies,Chrystel.Trace@yopmail.com,worker
423,Odessa,Daegal,Series,Odessa.Daegal@yopmail.com,firefighter
424,Emelina,Hebner,Nothing,Emelina.Hebner@yopmail.com,police officer
425,Alisha,Nickola,Movies,Alisha.Nickola@yopmail.com,doctor
426,Doro,Georgy,Series,Doro.Georgy@yopmail.com,firefighter
427,Gertrud,Tyson,Nothing,Gertrud.Tyson@yopmail.com,firefighter
428,Dawn,Parsaye,Series,Dawn.Parsaye@yopmail.com,police officer
429,Dawn,Myrilla,Series,Dawn.Myrilla@yopmail.com,firefighter
430,Aryn,Helfand,Human_Things,Aryn.Helfand@yopmail.com,worker
431,Konstance,Brenn,Human_Things,Konstance.Brenn@yopmail.com,worker
432,Jere,Ax,rock_paper_scissors,Jere.Ax@yopmail.com,firefighter
433,Dorice,Kalinda,Human_Things,Dorice.Kalinda@yopmail.com,worker
434,Romona,Rheingold,Nothing,Romona.Rheingold@yopmail.com,firefighter
435,Camile,Jacqui,Walk,Camile.Jacqui@yopmail.com,developer
436,Helena,Jarib,Series,Helena.Jarib@yopmail.com,developer
437,Augustine,Damarra,Walk,Augustine.Damarra@yopmail.com,firefighter
438,Orelia,Bergman,Movies,Orelia.Bergman@yopmail.com,worker
439,Deedee,Winthorpe,Nothing,Deedee.Winthorpe@yopmail.com,worker
440,Mamie,Burkle,Series,Mamie.Burkle@yopmail.com,firefighter
441,Rochette,Vary,Walk,Rochette.Vary@yopmail.com,police officer
442,Cathyleen,Truc,rock_paper_scissors,Cathyleen.Truc@yopmail.com,developer
443,Darci,Yam,Human_Things,Darci.Yam@yopmail.com,doctor
444,Ariela,Hoenack,Walk,Ariela.Hoenack@yopmail.com,developer
445,Hyacinthe,Armanda,Human_Things,Hyacinthe.Armanda@yopmail.com,worker
446,Emelina,Aida,Series,Emelina.Aida@yopmail.com,police officer
447,Tami,Fancie,rock_paper_scissors,Tami.Fancie@yopmail.com,doctor
448,Fredericka,Pettiford,Series,Fredericka.Pettiford@yopmail.com,doctor
449,Dyann,Chauncey,Series,Dyann.Chauncey@yopmail.com,police officer
450,Frances,Grimbly,Chess,Frances.Grimbly@yopmail.com,developer
451,Lelah,Kirstin,Nothing,Lelah.Kirstin@yopmail.com,firefighter
452,Lila,Whiffen,Series,Lila.Whiffen@yopmail.com,developer
453,Trudie,Fleeta,Nothing,Trudie.Fleeta@yopmail.com,doctor
454,Kylynn,Sophronia,Series,Kylynn.Sophronia@yopmail.com,developer
455,Tiffie,Raimondo,Series,Tiffie.Raimondo@yopmail.com,worker
456,Madalyn,Saree,Chess,Madalyn.Saree@yopmail.com,developer
457,Dennie,Gower,Nothing,Dennie.Gower@yopmail.com,developer
458,Dennie,Center,Nothing,Dennie.Center@yopmail.com,developer
459,Krystle,Hanshaw,Series,Krystle.Hanshaw@yopmail.com,worker
460,Meghann,Saree,Series,Meghann.Saree@yopmail.com,firefighter
461,Britte,Hazlett,Nothing,Britte.Hazlett@yopmail.com,doctor
462,Rivalee,Libna,Walk,Rivalee.Libna@yopmail.com,developer
463,Xylina,Bluh,Human_Things,Xylina.Bluh@yopmail.com,firefighter
464,Jasmina,Chabot,Human_Things,Jasmina.Chabot@yopmail.com,firefighter
465,Frieda,Kirbee,rock_paper_scissors,Frieda.Kirbee@yopmail.com,developer
466,Nyssa,Carleen,Walk,Nyssa.Carleen@yopmail.com,developer
467,Hettie,Grimbly,Walk,Hettie.Grimbly@yopmail.com,developer
468,Robinia,Kirbee,rock_paper_scissors,Robinia.Kirbee@yopmail.com,worker
469,Diena,Joeann,Series,Diena.Joeann@yopmail.com,worker
470,Ketti,Adore,rock_paper_scissors,Ketti.Adore@yopmail.com,doctor
471,Suzette,Nerita,Nothing,Suzette.Nerita@yopmail.com,worker
472,Siana,Cadmar,Movies,Siana.Cadmar@yopmail.com,firefighter
473,Dari,Tice,Series,Dari.Tice@yopmail.com,worker
474,Margette,Sherfield,Nothing,Margette.Sherfield@yopmail.com,doctor
475,Berget,Solitta,Chess,Berget.Solitta@yopmail.com,police officer
476,Adele,Fairweather,Human_Things,Adele.Fairweather@yopmail.com,developer
477,Silvana,Ade,rock_paper_scissors,Silvana.Ade@yopmail.com,developer
478,Dulcinea,Graig,Human_Things,Dulcinea.Graig@yopmail.com,worker
479,Gertrud,Stevy,Human_Things,Gertrud.Stevy@yopmail.com,worker
480,Margette,Cookie,Human_Things,Margette.Cookie@yopmail.com,doctor
481,Desirae,Luhe,Movies,Desirae.Luhe@yopmail.com,developer
482,Sybille,Deny,Nothing,Sybille.Deny@yopmail.com,police officer
483,Kara-Lynn,Loleta,Nothing,Kara-Lynn.Loleta@yopmail.com,police officer
484,Karlee,Serilda,Nothing,Karlee.Serilda@yopmail.com,firefighter
485,Dacia,Romelda,rock_paper_scissors,Dacia.Romelda@yopmail.com,firefighter
486,Angelique,Sholley,Nothing,Angelique.Sholley@yopmail.com,developer
487,Adriana,Douglass,Walk,Adriana.Douglass@yopmail.com,worker
488,Brynna,Ashely,Nothing,Brynna.Ashely@yopmail.com,worker
489,Binny,Vittoria,rock_paper_scissors,Binny.Vittoria@yopmail.com,doctor
490,Alexine,Eben,Nothing,Alexine.Eben@yopmail.com,developer
491,Orelia,McClimans,Nothing,Orelia.McClimans@yopmail.com,doctor
492,Gaylene,Gale,Nothing,Gaylene.Gale@yopmail.com,worker
493,Fernande,Gregrory,Series,Fernande.Gregrory@yopmail.com,worker
494,Harrietta,Whittaker,Human_Things,Harrietta.Whittaker@yopmail.com,worker
495,Constance,Linskey,Series,Constance.Linskey@yopmail.com,police officer
496,Pamella,Jagir,Chess,Pamella.Jagir@yopmail.com,worker
497,Kalina,Garrison,Chess,Kalina.Garrison@yopmail.com,police officer
498,Karena,Sasnett,Series,Karena.Sasnett@yopmail.com,worker
499,Libbie,Firmin,rock_paper_scissors,Libbie.Firmin@yopmail.com,worker
500,Florencia,Stilwell,Human_Things,Florencia.Stilwell@yopmail.com,police officer
501,Cristabel,Nunci,Nothing,Cristabel.Nunci@yopmail.com,police officer
502,Dari,Carmena,Series,Dari.Carmena@yopmail.com,worker
503,Bettine,Prouty,Movies,Bettine.Prouty@yopmail.com,developer
504,Leontine,Wattenberg,Movies,Leontine.Wattenberg@yopmail.com,firefighter
505,Bill,Fiann,Walk,Bill.Fiann@yopmail.com,worker
506,Alisha,Tice,Chess,Alisha.Tice@yopmail.com,police officer
507,Alleen,Konyn,Movies,Alleen.Konyn@yopmail.com,worker
508,Kathy,Dominy,Human_Things,Kathy.Dominy@yopmail.com,police officer
509,Cathie,Modie,Human_Things,Cathie.Modie@yopmail.com,doctor
510,Fred,Garbe,Series,Fred.Garbe@yopmail.com,worker
511,Tierney,Bahr,Series,Tierney.Bahr@yopmail.com,police officer
512,Vere,Letsou,Walk,Vere.Letsou@yopmail.com,doctor
513,Audrie,Audly,Movies,Audrie.Audly@yopmail.com,police officer
514,Rubie,Stoller,Chess,Rubie.Stoller@yopmail.com,worker
515,Clo,Bartlett,Chess,Clo.Bartlett@yopmail.com,doctor
516,Marcelline,Ade,Human_Things,Marcelline.Ade@yopmail.com,police officer
517,Sophia,Andrel,Chess,Sophia.Andrel@yopmail.com,developer
518,Amalie,Adrienne,Series,Amalie.Adrienne@yopmail.com,firefighter
519,Dotty,Tarrant,Movies,Dotty.Tarrant@yopmail.com,police officer
520,Hildegaard,Modie,Series,Hildegaard.Modie@yopmail.com,police officer
521,Catharine,Bearnard,Movies,Catharine.Bearnard@yopmail.com,doctor
522,Rivalee,Xerxes,Nothing,Rivalee.Xerxes@yopmail.com,doctor
523,Basia,Jenness,Nothing,Basia.Jenness@yopmail.com,police officer
524,Leia,Ezar,Walk,Leia.Ezar@yopmail.com,firefighter
525,Sindee,Pearse,Chess,Sindee.Pearse@yopmail.com,police officer
526,Carree,Ursulette,Human_Things,Carree.Ursulette@yopmail.com,police officer
527,Robinia,Dituri,Human_Things,Robinia.Dituri@yopmail.com,developer
528,Maurene,Corilla,Human_Things,Maurene.Corilla@yopmail.com,worker
529,Valli,Kalinda,Series,Valli.Kalinda@yopmail.com,worker
530,Sissy,Lorenz,Chess,Sissy.Lorenz@yopmail.com,firefighter
531,Jenda,Gavrila,Nothing,Jenda.Gavrila@yopmail.com,worker
532,Rivalee,Nikaniki,Chess,Rivalee.Nikaniki@yopmail.com,police officer
533,Rosaline,Douglass,Human_Things,Rosaline.Douglass@yopmail.com,firefighter
534,Anallese,Sheng,Chess,Anallese.Sheng@yopmail.com,doctor
535,Daune,Scammon,rock_paper_scissors,Daune.Scammon@yopmail.com,police officer
536,Vere,Secrest,Series,Vere.Secrest@yopmail.com,police officer
537,Joelly,Ahab,Nothing,Joelly.Ahab@yopmail.com,firefighter
538,Ofilia,Henebry,Series,Ofilia.Henebry@yopmail.com,police officer
539,Juliane,Bates,Chess,Juliane.Bates@yopmail.com,firefighter
540,Elyssa,Stevy,rock_paper_scissors,Elyssa.Stevy@yopmail.com,firefighter
541,Darci,Love,rock_paper_scissors,Darci.Love@yopmail.com,police officer
542,Aili,Myrilla,Chess,Aili.Myrilla@yopmail.com,worker
543,Daphne,Corilla,Walk,Daphne.Corilla@yopmail.com,police officer
544,Lonnie,Rad,Series,Lonnie.Rad@yopmail.com,firefighter
545,Melodie,Astra,rock_paper_scissors,Melodie.Astra@yopmail.com,developer
546,Constance,Deny,Human_Things,Constance.Deny@yopmail.com,firefighter
547,Clary,Isidore,Chess,Clary.Isidore@yopmail.com,developer
548,Dyann,Bibi,Walk,Dyann.Bibi@yopmail.com,police officer
549,Lucy,Cath,Series,Lucy.Cath@yopmail.com,developer
550,Kassey,Whiffen,Nothing,Kassey.Whiffen@yopmail.com,doctor
551,Averyl,Raychel,Movies,Averyl.Raychel@yopmail.com,worker
552,Kerrin,Niles,Series,Kerrin.Niles@yopmail.com,worker
553,Alie,Hollingsworth,Movies,Alie.Hollingsworth@yopmail.com,developer
554,Jessamyn,Mott,rock_paper_scissors,Jessamyn.Mott@yopmail.com,worker
555,Dale,Ader,Chess,Dale.Ader@yopmail.com,developer
556,Raf,Shelba,Series,Raf.Shelba@yopmail.com,firefighter
557,Justinn,Felizio,Nothing,Justinn.Felizio@yopmail.com,police officer
558,Teddie,Edison,Series,Teddie.Edison@yopmail.com,worker
559,Ashlee,Noelyn,Nothing,Ashlee.Noelyn@yopmail.com,doctor
560,Ayn,Monk,rock_paper_scissors,Ayn.Monk@yopmail.com,police officer
561,Claudina,Levey,rock_paper_scissors,Claudina.Levey@yopmail.com,developer
562,Willetta,Gilmour,Series,Willetta.Gilmour@yopmail.com,worker
563,Agathe,Macey,Movies,Agathe.Macey@yopmail.com,developer
564,Edyth,Judye,rock_paper_scissors,Edyth.Judye@yopmail.com,developer
565,Ronna,Jefferey,Series,Ronna.Jefferey@yopmail.com,developer
566,Aurelie,Obed,Movies,Aurelie.Obed@yopmail.com,developer
567,Georgetta,Tybald,Chess,Georgetta.Tybald@yopmail.com,developer
568,Jordan,Ciapas,Series,Jordan.Ciapas@yopmail.com,police officer
569,Jacenta,Pandolfi,Human_Things,Jacenta.Pandolfi@yopmail.com,police officer
570,Jenda,Belldas,Series,Jenda.Belldas@yopmail.com,doctor
571,Celene,Barrus,Movies,Celene.Barrus@yopmail.com,police officer
572,Loree,Douglass,Chess,Loree.Douglass@yopmail.com,worker
573,Mariele,Candy,rock_paper_scissors,Mariele.Candy@yopmail.com,doctor
574,Eolanda,Bonucci,Series,Eolanda.Bonucci@yopmail.com,developer
575,Joane,Heisel,Chess,Joane.Heisel@yopmail.com,developer
576,Shell,Roarke,rock_paper_scissors,Shell.Roarke@yopmail.com,firefighter
577,Brynna,Lumbard,Nothing,Brynna.Lumbard@yopmail.com,police officer
578,Kial,Laverne,rock_paper_scissors,Kial.Laverne@yopmail.com,firefighter
579,Fredericka,Connelly,Chess,Fredericka.Connelly@yopmail.com,worker
580,Daryl,Rocray,rock_paper_scissors,Daryl.Rocray@yopmail.com,developer
581,Debee,Kunin,Nothing,Debee.Kunin@yopmail.com,firefighter
582,Tatiania,Frendel,Walk,Tatiania.Frendel@yopmail.com,police officer
583,Priscilla,Faria,Human_Things,Priscilla.Faria@yopmail.com,doctor
584,Talya,Ackerley,Chess,Talya.Ackerley@yopmail.com,firefighter
585,Dede,Argus,Nothing,Dede.Argus@yopmail.com,doctor
586,Annaliese,Heisel,Walk,Annaliese.Heisel@yopmail.com,developer
587,Max,Dichy,Series,Max.Dichy@yopmail.com,firefighter
588,Emilia,Harriman,Nothing,Emilia.Harriman@yopmail.com,doctor
589,Ilse,Smitt,Nothing,Ilse.Smitt@yopmail.com,firefighter
590,Marcelline,Bahr,Human_Things,Marcelline.Bahr@yopmail.com,worker
591,Clarice,Grimbly,Series,Clarice.Grimbly@yopmail.com,police officer
592,Mathilda,Ricarda,Series,Mathilda.Ricarda@yopmail.com,developer
593,Alia,MacIntosh,Human_Things,Alia.MacIntosh@yopmail.com,developer
594,Ezmeralda,Ackerley,Human_Things,Ezmeralda.Ackerley@yopmail.com,police officer
595,Vere,Himelman,rock_paper_scissors,Vere.Himelman@yopmail.com,doctor
596,Margarette,Gualtiero,Human_Things,Margarette.Gualtiero@yopmail.com,firefighter
597,Mureil,Anestassia,Series,Mureil.Anestassia@yopmail.com,police officer
598,Binny,Marsden,rock_paper_scissors,Binny.Marsden@yopmail.com,police officer
599,Catharine,Chaing,Chess,Catharine.Chaing@yopmail.com,doctor
600,Dyann,Valerio,Movies,Dyann.Valerio@yopmail.com,worker
601,Halette,Brieta,Movies,Halette.Brieta@yopmail.com,developer
602,Winifred,Smitt,Human_Things,Winifred.Smitt@yopmail.com,developer
603,Emelina,Vorster,Walk,Emelina.Vorster@yopmail.com,worker
604,Alexine,Wadell,Human_Things,Alexine.Wadell@yopmail.com,worker
605,Cherilyn,Dunkin,Series,Cherilyn.Dunkin@yopmail.com,doctor
606,Phedra,Donoghue,Walk,Phedra.Donoghue@yopmail.com,police officer
607,Asia,Kannry,Movies,Asia.Kannry@yopmail.com,worker
608,Bobbi,Paine,Movies,Bobbi.Paine@yopmail.com,doctor
609,Sissy,Barney,Human_Things,Sissy.Barney@yopmail.com,police officer
610,Gwyneth,Wallis,Human_Things,Gwyneth.Wallis@yopmail.com,developer
611,Vita,Khorma,Series,Vita.Khorma@yopmail.com,police officer
612,Rayna,Christine,Chess,Rayna.Christine@yopmail.com,police officer
613,Mary,Yuille,rock_paper_scissors,Mary.Yuille@yopmail.com,police officer
614,Hannis,Darrell,Chess,Hannis.Darrell@yopmail.com,worker
615,Julieta,Elsinore,Nothing,Julieta.Elsinore@yopmail.com,firefighter
616,Lila,Wareing,Series,Lila.Wareing@yopmail.com,police officer
617,Tersina,Caitlin,Human_Things,Tersina.Caitlin@yopmail.com,doctor
618,Rozele,Hermes,Walk,Rozele.Hermes@yopmail.com,police officer
619,Alie,Masao,Human_Things,Alie.Masao@yopmail.com,police officer
620,Wilma,Scammon,rock_paper_scissors,Wilma.Scammon@yopmail.com,firefighter
621,Kary,Darrell,Human_Things,Kary.Darrell@yopmail.com,firefighter
622,Lisette,Jacobah,Nothing,Lisette.Jacobah@yopmail.com,developer
623,Maisey,Michella,Movies,Maisey.Michella@yopmail.com,developer
624,Annecorinne,Kosey,Human_Things,Annecorinne.Kosey@yopmail.com,firefighter
625,Bernardine,Romelda,Human_Things,Bernardine.Romelda@yopmail.com,doctor
626,Lulita,Fancie,Nothing,Lulita.Fancie@yopmail.com,police officer
627,Rhoda,Caitlin,Walk,Rhoda.Caitlin@yopmail.com,doctor
628,Janis,Konyn,Human_Things,Janis.Konyn@yopmail.com,developer
629,Caryl,Taima,Series,Caryl.Taima@yopmail.com,doctor
630,Gusty,Gilmour,Human_Things,Gusty.Gilmour@yopmail.com,developer
631,Willetta,Fry,Nothing,Willetta.Fry@yopmail.com,doctor
632,Fanny,Bartlett,Series,Fanny.Bartlett@yopmail.com,firefighter
633,Miquela,Arquit,Movies,Miquela.Arquit@yopmail.com,developer
634,Roxane,Alcott,Movies,Roxane.Alcott@yopmail.com,worker
635,Gusty,Vins,Human_Things,Gusty.Vins@yopmail.com,police officer
636,Fernande,Haymes,Movies,Fernande.Haymes@yopmail.com,doctor
637,Dorice,Wildermuth,Human_Things,Dorice.Wildermuth@yopmail.com,developer
638,Celisse,Melony,Movies,Celisse.Melony@yopmail.com,police officer
639,Tobe,Alabaster,rock_paper_scissors,Tobe.Alabaster@yopmail.com,developer
640,Alex,Vary,Series,Alex.Vary@yopmail.com,worker
641,Chastity,Edvard,Nothing,Chastity.Edvard@yopmail.com,doctor
642,Chere,Rese,Walk,Chere.Rese@yopmail.com,firefighter
643,Dianemarie,Lunsford,Series,Dianemarie.Lunsford@yopmail.com,firefighter
644,Cyb,Stevy,Nothing,Cyb.Stevy@yopmail.com,doctor
645,Chrystel,Crudden,rock_paper_scissors,Chrystel.Crudden@yopmail.com,developer
646,Goldie,Kenwood,rock_paper_scissors,Goldie.Kenwood@yopmail.com,developer
647,Allyce,Dalli,Movies,Allyce.Dalli@yopmail.com,developer
648,Gui,Girardo,Chess,Gui.Girardo@yopmail.com,police officer
649,Celestyna,Euridice,Movies,Celestyna.Euridice@yopmail.com,police officer
650,Jordan,Denis,Walk,Jordan.Denis@yopmail.com,firefighter
651,Veda,Santoro,Walk,Veda.Santoro@yopmail.com,worker
652,Averyl,Madox,Movies,Averyl.Madox@yopmail.com,police officer
653,Willetta,Sigfrid,Nothing,Willetta.Sigfrid@yopmail.com,doctor
654,Alia,Stav,Series,Alia.Stav@yopmail.com,doctor
655,Paule,Yuille,Series,Paule.Yuille@yopmail.com,doctor
656,June,Darrell,Chess,June.Darrell@yopmail.com,police officer
657,Marnia,Ciro,Chess,Marnia.Ciro@yopmail.com,worker
658,Aili,Center,Nothing,Aili.Center@yopmail.com,doctor
659,Silvana,Rudolph,Movies,Silvana.Rudolph@yopmail.com,worker
660,Hayley,Anastatius,Human_Things,Hayley.Anastatius@yopmail.com,developer
661,Jordan,Granoff,Movies,Jordan.Granoff@yopmail.com,police officer
662,Mary,Eckblad,Series,Mary.Eckblad@yopmail.com,firefighter
663,Amii,Mullane,Walk,Amii.Mullane@yopmail.com,police officer
664,Cathyleen,Cookie,rock_paper_scissors,Cathyleen.Cookie@yopmail.com,developer
665,Caritta,Tannie,Nothing,Caritta.Tannie@yopmail.com,developer
666,Jeanna,Denis,rock_paper_scissors,Jeanna.Denis@yopmail.com,police officer
667,Magdalena,Dituri,Human_Things,Magdalena.Dituri@yopmail.com,firefighter
668,Lindie,Ilka,Series,Lindie.Ilka@yopmail.com,police officer
669,Selia,Schwejda,Nothing,Selia.Schwejda@yopmail.com,worker
670,Catharine,Jaylene,Series,Catharine.Jaylene@yopmail.com,developer
671,Meriel,Tristram,Series,Meriel.Tristram@yopmail.com,worker
672,Reeba,Ilka,Human_Things,Reeba.Ilka@yopmail.com,developer
673,Nariko,Susannah,Human_Things,Nariko.Susannah@yopmail.com,police officer
674,Dulce,Sekofski,Nothing,Dulce.Sekofski@yopmail.com,police officer
675,Joceline,Donell,Series,Joceline.Donell@yopmail.com,developer
676,Bobbi,Gaspard,Chess,Bobbi.Gaspard@yopmail.com,worker
677,Joelly,Klemperer,Movies,Joelly.Klemperer@yopmail.com,doctor
678,Lucille,Baylor,Chess,Lucille.Baylor@yopmail.com,developer
679,Rosanne,Beniamino,Human_Things,Rosanne.Beniamino@yopmail.com,developer
680,Cassondra,Brian,Nothing,Cassondra.Brian@yopmail.com,firefighter
681,Theodora,Land,Human_Things,Theodora.Land@yopmail.com,police officer
682,Tierney,Buckler,Walk,Tierney.Buckler@yopmail.com,police officer
683,Janey,McCutcheon,Movies,Janey.McCutcheon@yopmail.com,firefighter
684,Valeda,Borrell,Chess,Valeda.Borrell@yopmail.com,worker
685,Mady,Zina,Human_Things,Mady.Zina@yopmail.com,police officer
686,Catrina,Diann,Chess,Catrina.Diann@yopmail.com,doctor
687,Christian,Valoniah,Walk,Christian.Valoniah@yopmail.com,doctor
688,Kristina,Velick,Walk,Kristina.Velick@yopmail.com,police officer
689,Di,Malina,Series,Di.Malina@yopmail.com,doctor
690,Gale,Kinnard,Movies,Gale.Kinnard@yopmail.com,police officer
691,Fanchon,Lauraine,Movies,Fanchon.Lauraine@yopmail.com,worker
692,Chandra,Johanna,Nothing,Chandra.Johanna@yopmail.com,police officer
693,Kalina,Sammons,Nothing,Kalina.Sammons@yopmail.com,worker
694,Lacie,Saree,Movies,Lacie.Saree@yopmail.com,doctor
695,Averyl,Maples,Nothing,Averyl.Maples@yopmail.com,doctor
696,Nicoli,Ephrem,Series,Nicoli.Ephrem@yopmail.com,firefighter
697,Jan,Wilona,Human_Things,Jan.Wilona@yopmail.com,doctor
698,Robinia,Madox,Nothing,Robinia.Madox@yopmail.com,developer
699,Nannie,Camden,Chess,Nannie.Camden@yopmail.com,doctor
700,Ingrid,Faust,Movies,Ingrid.Faust@yopmail.com,doctor
701,Dorene,Dalli,rock_paper_scissors,Dorene.Dalli@yopmail.com,developer
702,Ernesta,Vanni,Nothing,Ernesta.Vanni@yopmail.com,doctor
703,Riannon,Brenn,Chess,Riannon.Brenn@yopmail.com,worker
704,Catrina,Deny,Walk,Catrina.Deny@yopmail.com,worker
705,Georgina,Geffner,Chess,Georgina.Geffner@yopmail.com,developer
706,Jorry,Palocz,Movies,Jorry.Palocz@yopmail.com,firefighter
707,Blondelle,Francyne,Movies,Blondelle.Francyne@yopmail.com,developer
708,Kaia,Brunell,Human_Things,Kaia.Brunell@yopmail.com,developer
709,Claresta,Carbo,rock_paper_scissors,Claresta.Carbo@yopmail.com,developer
710,Nananne,Diann,Movies,Nananne.Diann@yopmail.com,developer
711,Winifred,Seessel,Series,Winifred.Seessel@yopmail.com,firefighter
712,Rosabelle,Bohlin,Human_Things,Rosabelle.Bohlin@yopmail.com,police officer
713,Concettina,Lory,Chess,Concettina.Lory@yopmail.com,doctor
714,Georgina,Koehler,Walk,Georgina.Koehler@yopmail.com,developer
715,Frieda,Orlene,Chess,Frieda.Orlene@yopmail.com,firefighter
716,Margette,Anis,Movies,Margette.Anis@yopmail.com,firefighter
717,Katharina,Stoller,Chess,Katharina.Stoller@yopmail.com,developer
718,Verla,Schwejda,rock_paper_scissors,Verla.Schwejda@yopmail.com,worker
719,Angelique,Marlie,Movies,Angelique.Marlie@yopmail.com,doctor
720,Eolanda,Burkle,Nothing,Eolanda.Burkle@yopmail.com,developer
721,Marjie,Zuzana,Series,Marjie.Zuzana@yopmail.com,worker
722,Sadie,Soneson,Walk,Sadie.Soneson@yopmail.com,police officer
723,Chandra,Afton,Chess,Chandra.Afton@yopmail.com,firefighter
724,Loree,Callista,Series,Loree.Callista@yopmail.com,firefighter
725,Lolita,Kirbee,Movies,Lolita.Kirbee@yopmail.com,firefighter
726,Gwyneth,Pandolfi,Chess,Gwyneth.Pandolfi@yopmail.com,doctor
727,Hannis,Shirberg,Walk,Hannis.Shirberg@yopmail.com,doctor
728,Kate,Woodberry,Movies,Kate.Woodberry@yopmail.com,doctor
729,Louella,Willie,Chess,Louella.Willie@yopmail.com,doctor
730,Eadie,Durante,Chess,Eadie.Durante@yopmail.com,firefighter
731,Margette,Lilas,Walk,Margette.Lilas@yopmail.com,firefighter
732,Daphne,Bonilla,Human_Things,Daphne.Bonilla@yopmail.com,firefighter
733,Marcy,Valoniah,Human_Things,Marcy.Valoniah@yopmail.com,firefighter
734,Dulcinea,Wooster,Chess,Dulcinea.Wooster@yopmail.com,worker
735,Vita,Horan,Walk,Vita.Horan@yopmail.com,firefighter
736,Marnia,Wadell,Chess,Marnia.Wadell@yopmail.com,developer
737,Linzy,Franza,Walk,Linzy.Franza@yopmail.com,developer
738,Mureil,Chabot,Walk,Mureil.Chabot@yopmail.com,doctor
739,Blake,Jethro,Walk,Blake.Jethro@yopmail.com,developer
740,Almeta,Revkah,Movies,Almeta.Revkah@yopmail.com,doctor
741,Adele,Maiah,Human_Things,Adele.Maiah@yopmail.com,developer
742,Asia,My,Human_Things,Asia.My@yopmail.com,doctor
743,Corry,Raama,Walk,Corry.Raama@yopmail.com,firefighter
744,Tiffie,Taima,Human_Things,Tiffie.Taima@yopmail.com,police officer
745,Marinna,Natalia,Walk,Marinna.Natalia@yopmail.com,worker
746,Jenda,Rudolph,Nothing,Jenda.Rudolph@yopmail.com,firefighter
747,Micheline,Laverne,Movies,Micheline.Laverne@yopmail.com,doctor
748,Aimil,Daegal,Series,Aimil.Daegal@yopmail.com,firefighter
749,Ingrid,Noman,Chess,Ingrid.Noman@yopmail.com,police officer
750,Ericka,Leffen,Series,Ericka.Leffen@yopmail.com,developer
751,Lucille,Noam,Nothing,Lucille.Noam@yopmail.com,worker
752,Candi,Cleavland,Human_Things,Candi.Cleavland@yopmail.com,doctor
753,Shandie,Crudden,Movies,Shandie.Crudden@yopmail.com,doctor
754,Nariko,Jacinda,Nothing,Nariko.Jacinda@yopmail.com,firefighter
755,Pierette,Franza,Series,Pierette.Franza@yopmail.com,firefighter
756,Bill,Martguerita,Walk,Bill.Martguerita@yopmail.com,doctor
757,Sam,Meter,Human_Things,Sam.Meter@yopmail.com,developer
758,Kate,Parette,Movies,Kate.Parette@yopmail.com,worker
759,Marcelline,Gamaliel,Walk,Marcelline.Gamaliel@yopmail.com,doctor
760,Lucy,Hunfredo,Human_Things,Lucy.Hunfredo@yopmail.com,worker
761,Bettine,Daveta,rock_paper_scissors,Bettine.Daveta@yopmail.com,worker
762,Mady,Hermes,Nothing,Mady.Hermes@yopmail.com,developer
763,Berta,Zaslow,Chess,Berta.Zaslow@yopmail.com,firefighter
764,Belinda,Colp,Chess,Belinda.Colp@yopmail.com,firefighter
765,Gaylene,Joeann,Movies,Gaylene.Joeann@yopmail.com,doctor
766,Norine,Ade,Human_Things,Norine.Ade@yopmail.com,police officer
767,Ardenia,Ortrude,Movies,Ardenia.Ortrude@yopmail.com,doctor
768,Gabi,Edvard,Human_Things,Gabi.Edvard@yopmail.com,doctor
769,Tani,Dom,rock_paper_scissors,Tani.Dom@yopmail.com,worker
770,Trixi,Radu,Chess,Trixi.Radu@yopmail.com,doctor
771,Kimmy,Winnick,Walk,Kimmy.Winnick@yopmail.com,developer
772,Dominga,Stephie,Series,Dominga.Stephie@yopmail.com,developer
773,Consuela,Schwejda,Walk,Consuela.Schwejda@yopmail.com,worker
774,Selia,Allare,Movies,Selia.Allare@yopmail.com,developer
775,Marika,Gunn,Walk,Marika.Gunn@yopmail.com,firefighter
776,Joy,Mott,Nothing,Joy.Mott@yopmail.com,firefighter
777,Tonia,Jaylene,Series,Tonia.Jaylene@yopmail.com,firefighter
778,Nonnah,Love,Walk,Nonnah.Love@yopmail.com,doctor
779,Marika,Lamoree,rock_paper_scissors,Marika.Lamoree@yopmail.com,developer
780,Steffane,Ade,Nothing,Steffane.Ade@yopmail.com,doctor
781,Mariann,Paton,Movies,Mariann.Paton@yopmail.com,police officer
782,Norine,Beebe,Human_Things,Norine.Beebe@yopmail.com,firefighter
783,Amelia,Truc,Human_Things,Amelia.Truc@yopmail.com,doctor
784,Gaylene,Bakerman,Human_Things,Gaylene.Bakerman@yopmail.com,doctor
785,Liana,Hamil,Chess,Liana.Hamil@yopmail.com,doctor
786,Amelia,Narton,Movies,Amelia.Narton@yopmail.com,developer
787,Melisent,Carbo,rock_paper_scissors,Melisent.Carbo@yopmail.com,doctor
788,Flory,Adore,rock_paper_scissors,Flory.Adore@yopmail.com,developer
789,Danika,Blake,Walk,Danika.Blake@yopmail.com,police officer
790,Sharai,Edvard,Human_Things,Sharai.Edvard@yopmail.com,doctor
791,Melodie,Obed,Nothing,Melodie.Obed@yopmail.com,worker
792,Philis,Hachmin,rock_paper_scissors,Philis.Hachmin@yopmail.com,firefighter
793,Sam,Fitzsimmons,rock_paper_scissors,Sam.Fitzsimmons@yopmail.com,police officer
794,Kenna,Ackerley,Walk,Kenna.Ackerley@yopmail.com,firefighter
795,Paule,Sallyann,rock_paper_scissors,Paule.Sallyann@yopmail.com,worker
796,Damaris,Erminia,Movies,Damaris.Erminia@yopmail.com,doctor
797,Merry,Narton,Series,Merry.Narton@yopmail.com,worker
798,Annora,Meter,Human_Things,Annora.Meter@yopmail.com,worker
799,Almeta,Loleta,Walk,Almeta.Loleta@yopmail.com,police officer
800,Kial,Cimbura,Chess,Kial.Cimbura@yopmail.com,police officer
801,Johna,Plato,Movies,Johna.Plato@yopmail.com,doctor
802,Gianina,Carvey,Nothing,Gianina.Carvey@yopmail.com,police officer
803,Raquela,Valerio,Chess,Raquela.Valerio@yopmail.com,police officer
804,Winny,Jess,Walk,Winny.Jess@yopmail.com,doctor
805,Glenda,Hartnett,Chess,Glenda.Hartnett@yopmail.com,police officer
806,Karolina,Yoko,Nothing,Karolina.Yoko@yopmail.com,firefighter
807,Steffane,Shanley,Human_Things,Steffane.Shanley@yopmail.com,firefighter
808,Jenda,Raimondo,rock_paper_scissors,Jenda.Raimondo@yopmail.com,firefighter
809,Nita,Philoo,Human_Things,Nita.Philoo@yopmail.com,worker
810,Annice,Ries,rock_paper_scissors,Annice.Ries@yopmail.com,police officer
811,Kirbee,Candy,Nothing,Kirbee.Candy@yopmail.com,police officer
812,Bettine,Stav,Walk,Bettine.Stav@yopmail.com,doctor
813,Ethel,Mullane,rock_paper_scissors,Ethel.Mullane@yopmail.com,police officer
814,Valeda,Eno,rock_paper_scissors,Valeda.Eno@yopmail.com,worker
815,Lorenza,Bigner,Series,Lorenza.Bigner@yopmail.com,worker
816,Laurene,Genna,Human_Things,Laurene.Genna@yopmail.com,developer
817,Nicoli,Kaete,rock_paper_scissors,Nicoli.Kaete@yopmail.com,developer
818,Damaris,Dimitris,Human_Things,Damaris.Dimitris@yopmail.com,worker
819,Susan,August,Nothing,Susan.August@yopmail.com,developer
820,Harrietta,Oriana,Chess,Harrietta.Oriana@yopmail.com,developer
821,Louella,Danby,Human_Things,Louella.Danby@yopmail.com,developer
822,Tierney,Lutero,Movies,Tierney.Lutero@yopmail.com,police officer
823,Kenna,Leary,rock_paper_scissors,Kenna.Leary@yopmail.com,worker
824,Cristine,Henrie,Nothing,Cristine.Henrie@yopmail.com,firefighter
825,Jorry,Romelda,Human_Things,Jorry.Romelda@yopmail.com,police officer
826,Konstance,Koziara,Series,Konstance.Koziara@yopmail.com,police officer
827,Doralynne,Chapland,Chess,Doralynne.Chapland@yopmail.com,worker
828,Winifred,Tacye,Human_Things,Winifred.Tacye@yopmail.com,developer
829,Glenda,Cullin,Human_Things,Glenda.Cullin@yopmail.com,doctor
830,Nessie,Gert,rock_paper_scissors,Nessie.Gert@yopmail.com,firefighter
831,Alameda,Yam,Chess,Alameda.Yam@yopmail.com,doctor
832,Lenna,Sallyann,Chess,Lenna.Sallyann@yopmail.com,firefighter
833,Tybie,Fosque,Series,Tybie.Fosque@yopmail.com,developer
834,Meriel,Fabiola,Chess,Meriel.Fabiola@yopmail.com,developer
835,Lorenza,Calhoun,rock_paper_scissors,Lorenza.Calhoun@yopmail.com,firefighter
836,Linet,Jerold,Movies,Linet.Jerold@yopmail.com,developer
837,Wilma,McGrody,Nothing,Wilma.McGrody@yopmail.com,police officer
838,Sarette,Herrera,Walk,Sarette.Herrera@yopmail.com,firefighter
839,Calla,Ietta,Nothing,Calla.Ietta@yopmail.com,developer
840,Althea,Goldina,Series,Althea.Goldina@yopmail.com,firefighter
841,Maurene,Brackely,Series,Maurene.Brackely@yopmail.com,developer
842,Verla,Shelba,Nothing,Verla.Shelba@yopmail.com,worker
843,Korrie,Rossner,Human_Things,Korrie.Rossner@yopmail.com,police officer
844,Vivia,Killigrew,Movies,Vivia.Killigrew@yopmail.com,developer
845,Collen,Silvan,rock_paper_scissors,Collen.Silvan@yopmail.com,worker
846,Tamqrah,Radu,Series,Tamqrah.Radu@yopmail.com,developer
847,Lauryn,Moseley,Walk,Lauryn.Moseley@yopmail.com,police officer
848,Bee,Trinetta,Human_Things,Bee.Trinetta@yopmail.com,firefighter
849,Cyndie,Dahlia,Chess,Cyndie.Dahlia@yopmail.com,firefighter
850,Sashenka,Manolo,Walk,Sashenka.Manolo@yopmail.com,firefighter
851,Michaelina,Kylander,rock_paper_scissors,Michaelina.Kylander@yopmail.com,worker
852,Liana,Myrilla,Nothing,Liana.Myrilla@yopmail.com,police officer
853,Atlanta,Ahab,Series,Atlanta.Ahab@yopmail.com,developer
854,Tarra,Hunfredo,Walk,Tarra.Hunfredo@yopmail.com,doctor
855,Jackie,Brittani,rock_paper_scissors,Jackie.Brittani@yopmail.com,worker
856,Randa,Egbert,Movies,Randa.Egbert@yopmail.com,worker
857,Ekaterina,Lissi,Human_Things,Ekaterina.Lissi@yopmail.com,worker
858,Josephine,Schonfeld,Series,Josephine.Schonfeld@yopmail.com,developer
859,Daune,Belldas,Movies,Daune.Belldas@yopmail.com,developer
860,Fred,Winthorpe,Movies,Fred.Winthorpe@yopmail.com,developer
861,Rosanne,Clara,rock_paper_scissors,Rosanne.Clara@yopmail.com,worker
862,Kirbee,Marisa,Human_Things,Kirbee.Marisa@yopmail.com,worker
863,Sallie,Vilma,Human_Things,Sallie.Vilma@yopmail.com,firefighter
864,Clary,Center,Walk,Clary.Center@yopmail.com,doctor
865,Nita,Lynn,Nothing,Nita.Lynn@yopmail.com,police officer
866,Therine,Kalinda,Movies,Therine.Kalinda@yopmail.com,developer
867,Monika,Poll,Series,Monika.Poll@yopmail.com,doctor
868,Catharine,Roxanna,Chess,Catharine.Roxanna@yopmail.com,developer
869,Dorthy,Pattin,rock_paper_scissors,Dorthy.Pattin@yopmail.com,police officer
870,Rhoda,Blisse,Chess,Rhoda.Blisse@yopmail.com,police officer
871,Susette,Joseph,Series,Susette.Joseph@yopmail.com,doctor
872,Bee,Martsen,Nothing,Bee.Martsen@yopmail.com,doctor
873,Babita,McLaughlin,Nothing,Babita.McLaughlin@yopmail.com,police officer
874,Sean,Decato,Movies,Sean.Decato@yopmail.com,worker
875,Eadie,Merat,Nothing,Eadie.Merat@yopmail.com,police officer
876,Nickie,Wattenberg,Walk,Nickie.Wattenberg@yopmail.com,doctor
877,Addia,Berne,rock_paper_scissors,Addia.Berne@yopmail.com,doctor
878,Janenna,Jess,Chess,Janenna.Jess@yopmail.com,developer
879,Arlina,Sinegold,Chess,Arlina.Sinegold@yopmail.com,developer
880,Sheelagh,Adamsen,Movies,Sheelagh.Adamsen@yopmail.com,worker
881,Norine,Gibbeon,Walk,Norine.Gibbeon@yopmail.com,worker
882,Camile,Tryck,Walk,Camile.Tryck@yopmail.com,developer
883,Maud,Anderea,Nothing,Maud.Anderea@yopmail.com,firefighter
884,Linzy,Kauppi,Nothing,Linzy.Kauppi@yopmail.com,developer
885,Mamie,Alice,Movies,Mamie.Alice@yopmail.com,police officer
886,Kelly,Lenny,rock_paper_scissors,Kelly.Lenny@yopmail.com,firefighter
887,Kimmy,Matthew,rock_paper_scissors,Kimmy.Matthew@yopmail.com,firefighter
888,Paulita,Delila,Walk,Paulita.Delila@yopmail.com,doctor
889,Millie,Bivins,Chess,Millie.Bivins@yopmail.com,firefighter
890,Lacie,Percy,Series,Lacie.Percy@yopmail.com,firefighter
891,Beverley,Afton,Movies,Beverley.Afton@yopmail.com,developer
892,Silvana,Saint,Nothing,Silvana.Saint@yopmail.com,firefighter
893,Tomasina,Lory,Chess,Tomasina.Lory@yopmail.com,doctor
894,Chrystel,Havens,Human_Things,Chrystel.Havens@yopmail.com,firefighter
895,Candi,Diann,Walk,Candi.Diann@yopmail.com,developer
896,Mignon,Damarra,Walk,Mignon.Damarra@yopmail.com,doctor
897,Marjie,Cavan,Series,Marjie.Cavan@yopmail.com,doctor
898,Sheelagh,Brian,Series,Sheelagh.Brian@yopmail.com,developer
899,Hyacinthe,Chapland,Movies,Hyacinthe.Chapland@yopmail.com,firefighter
900,Marika,Philipp,Chess,Marika.Philipp@yopmail.com,worker
901,Feliza,Concha,Series,Feliza.Concha@yopmail.com,developer
902,Ronna,Marisa,rock_paper_scissors,Ronna.Marisa@yopmail.com,developer
903,Giustina,Ackerley,Human_Things,Giustina.Ackerley@yopmail.com,developer
904,Kassey,Zetta,Walk,Kassey.Zetta@yopmail.com,doctor
905,Deloria,Ilka,rock_paper_scissors,Deloria.Ilka@yopmail.com,worker
906,Kassey,Joli,Movies,Kassey.Joli@yopmail.com,worker
907,Gertrud,Evangelia,rock_paper_scissors,Gertrud.Evangelia@yopmail.com,doctor
908,Lolita,Merat,Movies,Lolita.Merat@yopmail.com,doctor
909,Alexine,Jillane,Nothing,Alexine.Jillane@yopmail.com,police officer
910,Malina,Rozanna,Chess,Malina.Rozanna@yopmail.com,firefighter
911,Brooks,Dyche,Human_Things,Brooks.Dyche@yopmail.com,police officer
912,Tiffie,Karl,rock_paper_scissors,Tiffie.Karl@yopmail.com,developer
913,Annecorinne,Phi,Human_Things,Annecorinne.Phi@yopmail.com,police officer
914,Hyacinthe,Skell,rock_paper_scissors,Hyacinthe.Skell@yopmail.com,worker
915,Catrina,Jethro,Chess,Catrina.Jethro@yopmail.com,worker
916,Philis,Millda,Movies,Philis.Millda@yopmail.com,worker
917,Trixi,Kristi,rock_paper_scissors,Trixi.Kristi@yopmail.com,worker
918,Heddie,Egbert,Series,Heddie.Egbert@yopmail.com,firefighter
919,Alie,Bord,Nothing,Alie.Bord@yopmail.com,developer
920,Margalo,Jaylene,Walk,Margalo.Jaylene@yopmail.com,firefighter
921,Feliza,Fabiola,rock_paper_scissors,Feliza.Fabiola@yopmail.com,doctor
922,Livvyy,Fadiman,Series,Livvyy.Fadiman@yopmail.com,doctor
923,Grier,Klemperer,Series,Grier.Klemperer@yopmail.com,worker
924,Doro,Ruvolo,rock_paper_scissors,Doro.Ruvolo@yopmail.com,police officer
925,Jean,Guildroy,Chess,Jean.Guildroy@yopmail.com,police officer
926,Debee,Kinnard,Walk,Debee.Kinnard@yopmail.com,police officer
927,Doro,Aloise,rock_paper_scissors,Doro.Aloise@yopmail.com,firefighter
928,Gilda,Behre,Movies,Gilda.Behre@yopmail.com,doctor
929,Sherrie,Zola,Human_Things,Sherrie.Zola@yopmail.com,firefighter
930,Madelle,Stoller,Movies,Madelle.Stoller@yopmail.com,worker
931,Micheline,Randene,Chess,Micheline.Randene@yopmail.com,worker
932,Valera,Delp,Chess,Valera.Delp@yopmail.com,worker
933,Ida,Lipson,Nothing,Ida.Lipson@yopmail.com,police officer
934,Eve,Salvidor,Movies,Eve.Salvidor@yopmail.com,police officer
935,Amii,Aaberg,Nothing,Amii.Aaberg@yopmail.com,worker
936,Beth,Plato,Human_Things,Beth.Plato@yopmail.com,police officer
937,Robbi,Martsen,Series,Robbi.Martsen@yopmail.com,developer
938,Alyda,Papageno,Nothing,Alyda.Papageno@yopmail.com,police officer
939,Tani,Hewitt,Chess,Tani.Hewitt@yopmail.com,police officer
940,Corly,Orlene,Movies,Corly.Orlene@yopmail.com,worker
941,Suzette,Tice,Human_Things,Suzette.Tice@yopmail.com,police officer
942,Dania,Scammon,Nothing,Dania.Scammon@yopmail.com,developer
943,Claudina,Liva,Human_Things,Claudina.Liva@yopmail.com,police officer
944,Jaime,Jenness,Human_Things,Jaime.Jenness@yopmail.com,worker
945,Albertina,Fontana,Human_Things,Albertina.Fontana@yopmail.com,worker
946,Nelle,Meli,Walk,Nelle.Meli@yopmail.com,firefighter
947,Deedee,Haymes,Series,Deedee.Haymes@yopmail.com,firefighter
948,Mireielle,Jary,Series,Mireielle.Jary@yopmail.com,developer
949,Ulrike,Peonir,Movies,Ulrike.Peonir@yopmail.com,developer
950,Marinna,Camden,Walk,Marinna.Camden@yopmail.com,firefighter
951,Lynea,Teddman,Human_Things,Lynea.Teddman@yopmail.com,firefighter
952,Mamie,Shaver,Movies,Mamie.Shaver@yopmail.com,worker
953,Tiffie,Nikaniki,Series,Tiffie.Nikaniki@yopmail.com,police officer
954,Shel,Cassius,Chess,Shel.Cassius@yopmail.com,firefighter
955,Ileana,Modie,Movies,Ileana.Modie@yopmail.com,developer
956,Frances,Kussell,rock_paper_scissors,Frances.Kussell@yopmail.com,police officer
957,Estell,Hachmin,Series,Estell.Hachmin@yopmail.com,firefighter
958,Sheelagh,Ax,Chess,Sheelagh.Ax@yopmail.com,police officer
959,Concettina,Atonsah,Chess,Concettina.Atonsah@yopmail.com,developer
960,Jsandye,Urania,Movies,Jsandye.Urania@yopmail.com,police officer
961,Ida,Leonard,Human_Things,Ida.Leonard@yopmail.com,doctor
962,Jasmina,Fink,Nothing,Jasmina.Fink@yopmail.com,worker
963,Charissa,Carlson,Movies,Charissa.Carlson@yopmail.com,worker
964,Dione,Wooster,Human_Things,Dione.Wooster@yopmail.com,developer
965,Sharlene,Roarke,Nothing,Sharlene.Roarke@yopmail.com,doctor
966,Lory,Talia,rock_paper_scissors,Lory.Talia@yopmail.com,police officer
967,Kristan,Hieronymus,Nothing,Kristan.Hieronymus@yopmail.com,developer
968,Marcelline,Lattie,Chess,Marcelline.Lattie@yopmail.com,worker
969,Letizia,Dowski,Series,Letizia.Dowski@yopmail.com,firefighter
970,Roxane,Whittaker,Chess,Roxane.Whittaker@yopmail.com,police officer
971,Viviene,Ethban,Nothing,Viviene.Ethban@yopmail.com,worker
972,Clo,Gert,Nothing,Clo.Gert@yopmail.com,worker
973,Brana,Modie,Series,Brana.Modie@yopmail.com,police officer
974,Roseline,Lalitta,Nothing,Roseline.Lalitta@yopmail.com,worker
975,Leanna,Elvyn,Nothing,Leanna.Elvyn@yopmail.com,police officer
976,Angelique,Gemini,Series,Angelique.Gemini@yopmail.com,doctor
977,Joleen,Alexandr,Series,Joleen.Alexandr@yopmail.com,firefighter
978,Roberta,Cimbura,Human_Things,Roberta.Cimbura@yopmail.com,worker
979,Julieta,Glenden,Series,Julieta.Glenden@yopmail.com,police officer
980,Florencia,Philipp,Chess,Florencia.Philipp@yopmail.com,worker
981,Violet,Anastatius,Walk,Violet.Anastatius@yopmail.com,developer
982,Selma,Sawtelle,Human_Things,Selma.Sawtelle@yopmail.com,developer
983,Lolita,Lane,Nothing,Lolita.Lane@yopmail.com,worker
984,Beverley,Lenny,Nothing,Beverley.Lenny@yopmail.com,firefighter
985,Karly,Schroth,Human_Things,Karly.Schroth@yopmail.com,worker
986,Zsa Zsa,Amadas,rock_paper_scissors,Zsa Zsa.Amadas@yopmail.com,developer
987,Wendi,Marijo,Chess,Wendi.Marijo@yopmail.com,developer
988,Hollie,Tryck,Chess,Hollie.Tryck@yopmail.com,police officer
989,Chrystel,Eliathas,Walk,Chrystel.Eliathas@yopmail.com,doctor
990,Aeriela,Florina,Human_Things,Aeriela.Florina@yopmail.com,police officer
991,Merrie,Rosemary,Nothing,Merrie.Rosemary@yopmail.com,firefighter
992,Rosaline,Blase,Nothing,Rosaline.Blase@yopmail.com,firefighter
993,Celisse,Klotz,Nothing,Celisse.Klotz@yopmail.com,doctor
994,Fredericka,Noman,Movies,Fredericka.Noman@yopmail.com,developer
995,Celene,Valoniah,Walk,Celene.Valoniah@yopmail.com,doctor
996,Ida,Thunell,rock_paper_scissors,Ida.Thunell@yopmail.com,developer
997,Halette,Sharl,rock_paper_scissors,Halette.Sharl@yopmail.com,worker
998,Ethel,Stevy,Walk,Ethel.Stevy@yopmail.com,developer
999,Riannon,Peti,Movies,Riannon.Peti@yopmail.com,developer